{"is_source_file": false, "format": "", "description": "", "external_files": [], "external_methods": [], "published": [], "classes": [], "methods": [], "calls": [], "search-terms": [], "state": 2, "file_id": 5, "knowledge_revision": 9, "git_revision": "886a4308775c93c349e386590ef8b5d85da47eb9", "hash": "0c9f36dfd1a6dee9fa952c06ab7d9563", "format-version": 4, "code-base-name": "lms_database", "filename": "lms_database/db_visualizer/package.json", "revision_history": [{"9": "886a4308775c93c349e386590ef8b5d85da47eb9"}]}