{"is_source_file": false, "format": "", "description": "", "external_files": [], "external_methods": [], "published": [], "classes": [], "methods": [], "calls": [], "search-terms": ["HTML", "database viewer", "index.html", "frontend", "UI layout", "JavaScript", "interactive table", "DOM manipulation", "API calls", "database browsing", "responsive design", "CSS styling"], "state": 2, "file_id": 7, "knowledge_revision": 11, "git_revision": "886a4308775c93c349e386590ef8b5d85da47eb9", "hash": "ee63333a4841bf025439c755a74c9881", "format-version": 4, "code-base-name": "lms_database", "filename": "lms_database/db_visualizer/public/index.html", "revision_history": [{"11": "886a4308775c93c349e386590ef8b5d85da47eb9"}]}