{"is_source_file": true, "format": "bash", "description": "This script automates the backup process for multiple database types (SQLite, PostgreSQL, MySQL, MongoDB). It detects which database is running and performs the appropriate backup commands, saving backup files accordingly.", "external_files": ["/usr/lib/postgresql/", "/var/run/mysqld/mysqld.sock"], "external_methods": ["ls", "sudo -u postgres pg_isready", "mysqldump", "mysqladmin", "mongosh", "mongodump"], "published": [], "classes": [], "methods": [], "calls": ["ls", "sudo -u postgres pg_isready", "mysqladmin ping", "mysql", "mysqldump", "sudo mysql", "mongosh", "mongodump"], "search-terms": ["backup_db.sh", "database backup script", "SQLite backup", "PostgreSQL backup", "MySQL backup", "MongoDB backup", "database detection", "multi-database backup"], "state": 2, "file_id": 3, "knowledge_revision": 14, "git_revision": "886a4308775c93c349e386590ef8b5d85da47eb9", "hash": "7af9aa35fa4940f934d83f6e2621b732", "format-version": 4, "code-base-name": "lms_database", "filename": "lms_database/backup_db.sh", "revision_history": [{"14": "886a4308775c93c349e386590ef8b5d85da47eb9"}]}