{"is_source_file": true, "format": "bash script", "description": "This file is a shell script designed to automate the process of restoring various types of databases (SQLite, PostgreSQL, MySQL, MongoDB) from backup files. It detects the presence of specific backup files and the appropriate database environment, then executes the restore procedures accordingly.", "external_files": ["database_backup.db", "database_backup.sql", "database_backup.archive"], "external_methods": ["ls", "cp", "sudo -u postgres pg_isready", "psql", "mysqladmin", "mysql", "mongosh", "mongorestore"], "published": [], "classes": [], "methods": [], "calls": ["ls /usr/lib/postgresql/", "sudo -u postgres pg_isready", "psql", "mysqladmin ping -h localhost -P", "mysqladmin ping --socket", "mysql -h localhost -P -u -p", "mysql --socket", "sudo mysql --socket", "mongosh --port", "mongosh --eval", "mongorestore --port --archive --drop --quiet"], "search-terms": ["restore_script", "database_restore", "backup_detection", "sqlite_restore", "postgresql_restore", "mysql_restore", "mongodb_restore", "database_backup_files"], "state": 2, "file_id": 2, "knowledge_revision": 13, "git_revision": "886a4308775c93c349e386590ef8b5d85da47eb9", "hash": "67505395c0df4c9c001ab8f47571f3fb", "format-version": 4, "code-base-name": "lms_database", "filename": "lms_database/restore_db.sh", "revision_history": [{"13": "886a4308775c93c349e386590ef8b5d85da47eb9"}]}