{"is_source_file": true, "format": "bash", "description": "This script is a startup/shutdown automation for PostgreSQL database server. It checks if PostgreSQL is already running, initializes the database if needed, starts the server, sets permissions, creates database and user, and saves connection info and environment variables for further use.", "external_files": ["/usr/lib/postgresql/", "/var/lib/postgresql/data/", "db_connection.txt", "db_visualizer/postgres.env"], "external_methods": ["ls", "sudo", "pg_isready", "pgrep", "psql", "initdb", "createdb"], "published": [], "classes": [], "methods": [], "calls": ["/usr/lib/postgresql/${PG_VERSION}/bin/pg_isready", "/usr/lib/postgresql/${PG_VERSION}/bin/psql", "/usr/lib/postgresql/${PG_VERSION}/bin/initdb", "/usr/lib/postgresql/${PG_VERSION}/bin/createdb", "cat", "echo"], "search-terms": ["startup.sh", "PostgreSQL automation script", "database initialization", "service startup", "permission setup", "database setup", "db connection"], "state": 2, "file_id": 4, "knowledge_revision": 12, "git_revision": "886a4308775c93c349e386590ef8b5d85da47eb9", "hash": "fa2aa67ea0a7c72f7c0958282f15a864", "format-version": 4, "code-base-name": "lms_database", "filename": "lms_database/startup.sh", "revision_history": [{"12": "886a4308775c93c349e386590ef8b5d85da47eb9"}]}