{"is_source_file": false, "format": "", "description": "", "external_files": [], "external_methods": [], "published": [], "classes": [], "methods": [], "calls": [], "search-terms": ["digitalt3-learning-platform-313463-313472"], "state": 2, "file_id": 1, "knowledge_revision": 10, "git_revision": "8879e9dd9dd5eba3ca9064b0f46f1f37411952ff", "hash": "6939850836c5be82d05bbcb8c5c8de33", "format-version": 4, "code-base-name": "lms_database", "filename": "README.md", "revision_history": [{"10": "8879e9dd9dd5eba3ca9064b0f46f1f37411952ff"}]}